image,image_name,MAP,UQ[VR],UQ[IE],UQ[MI],UQ[TR],UQ[PS],MAP[50],MAP[75],MAP[Small],MAP[Medium],MAP[Large],MAR[1],MAR[5],MAR[100],MAR[Small],MAR[Medium],MAR[Large]
0,dataset/origimg/org/image_top523.jpg,0.1240541934967041,0.0,0.25332818181818184,0.07649490888425307,312083.4167407241,6167.524499344896,0.1240541934967041,-1.0,-1.0,0.40594059228897095,-1.0,0.15000000596046448,0.375,0.4000000059604645,-1.0,0.4000000059604645,-1.0
1,dataset/origimg/org/image_top246.jpg,0.5884705185890198,0.0,0.30403833333333335,0.08945404824408709,424130.96769266325,8248.659729248377,0.5884705185890198,-1.0,-1.0,-1.0,0.5884705185890198,0.20000000298023224,1.0,1.0,-1.0,-1.0,1.0
2,dataset/origimg/org/image_open56.jpg,0.0,0.0,0.32936818181818184,0.06162035720872869,317845.4672085568,5974.4140179712695,0.0,-1.0,-1.0,0.0,-1.0,0.0,0.0,0.0,-1.0,0.0,-1.0
3,dataset/origimg/org/image_top583.jpg,0.20164825022220612,0.0,0.41687461538461534,0.05780912575332212,278731.5229631527,5964.142132746336,0.20164825022220612,-1.0,-1.0,0.4420027732849121,-1.0,0.03750000149011612,0.4375,0.4625000059604645,-1.0,0.4625000059604645,-1.0
4,dataset/origimg/org/image_top529.jpg,0.20863687992095947,0.0,0.4493783333333334,0.12003788927642538,622077.1658378368,11102.602342618522,0.20863687992095947,-1.0,-1.0,0.5049505233764648,-1.0,0.17499999701976776,0.5,0.5,-1.0,0.5,-1.0
5,dataset/origimg/org/image_top11.jpg,0.7238650918006897,0.0,0.2709872727272727,0.06859790354437617,255394.64366847582,6285.062889818347,0.7238650918006897,-1.0,-1.0,-1.0,0.7238650918006897,0.3333333432674408,0.8833333253860474,0.9833333492279053,-1.0,-1.0,0.9833333492279053
6,dataset/origimg/org/image_top49.jpg,0.06980915367603302,0.0,0.3834727272727273,0.07127300034321328,481636.36585815554,5107.007450053613,0.06980915367603302,-1.0,-1.0,0.2574257552623749,-1.0,0.03333333507180214,0.25,0.25,-1.0,0.25,-1.0
7,dataset/origimg/org/image_top274.jpg,0.6227732300758362,0.0,0.33580818181818184,0.08277113831363764,465369.80532973655,8943.974027731316,0.6227732300758362,-1.0,-1.0,1.0,0.6438350677490234,0.30000001192092896,1.0,1.0,-1.0,1.0,1.0
8,dataset/origimg/org/image_open45.jpg,0.09859029203653336,0.0,0.547365,0.10382424233564795,345605.1938729074,7324.99018538418,0.09859029203653336,-1.0,-1.0,0.026402641087770462,0.3575248420238495,0.03750000149011612,0.2750000059604645,0.2750000059604645,-1.0,0.03333333507180214,1.0
9,dataset/origimg/org/image_top141.jpg,0.5929432511329651,0.0,0.22648875000000002,0.07127810254963285,535602.2753925843,9695.276611923799,0.5929432511329651,-1.0,-1.0,-1.0,0.5929432511329651,0.44999998807907104,1.0,1.0,-1.0,-1.0,1.0
10,dataset/origimg/org/image_open24.jpg,0.4464138150215149,0.0,0.24297750000000004,0.07134716972468494,463713.28077755583,9527.435780417121,0.4464138150215149,-1.0,-1.0,0.9207921028137207,-1.0,0.17499999701976776,0.8500000238418579,0.925000011920929,-1.0,0.925000011920929,-1.0
11,dataset/origimg/org/image_top285.jpg,0.7757804989814758,0.0,0.32187466666666664,0.09741534828572825,373301.159520984,8100.930674480075,0.7757804989814758,-1.0,-1.0,-1.0,0.7757804989814758,0.23749999701976776,0.75,1.0,-1.0,-1.0,1.0
12,dataset/origimg/org/image_top287.jpg,0.5249145030975342,0.0,0.25142166666666665,0.08555306845051734,627228.889463191,12423.613782374441,0.5249145030975342,-1.0,-1.0,0.7806544899940491,0.4078367054462433,0.11666666716337204,0.8500000238418579,0.8833333253860474,-1.0,0.824999988079071,1.0
13,dataset/origimg/org/image_open57.jpg,0.008542031049728394,0.0,0.415205,0.05575781963090235,602917.1569911721,10472.438491405663,0.008542031049728394,-1.0,-1.0,0.10891088843345642,-1.0,0.0,0.10000000149011612,0.10000000149011612,-1.0,0.10000000149011612,-1.0
14,dataset/origimg/org/image_top158.jpg,0.5891059637069702,0.0,0.34250777777777786,0.09608967708141104,442637.9856637489,10336.519161876879,0.5891059637069702,-1.0,-1.0,0.8201320171356201,0.590099036693573,0.2750000059604645,0.925000011920929,0.925000011920929,-1.0,0.8500000238418579,1.0
15,dataset/origimg/org/image_top148.jpg,0.6690356731414795,0.0,0.2264892307692308,0.04370550871671205,540176.2660332227,7005.24306437245,0.6690356731414795,-1.0,-1.0,-1.0,0.6690356731414795,0.30000001192092896,0.9750000238418579,1.0,-1.0,-1.0,1.0
16,dataset/origimg/org/image_top264.jpg,0.5884515643119812,0.0,0.3603236363636364,0.09106628776491822,576291.8605722642,8611.318513822434,0.5884515643119812,-1.0,-1.0,-1.0,0.5884515643119812,0.550000011920929,1.0,1.0,-1.0,-1.0,1.0
17,dataset/origimg/org/image_top535.jpg,0.2750641107559204,0.0,0.4449785714285714,0.11534762417677766,491862.87070104165,8906.580313606177,0.2750641107559204,-1.0,-1.0,0.5577875375747681,-1.0,0.07500000298023224,0.512499988079071,0.5625,-1.0,0.5625,-1.0
18,dataset/origimg/org/image_top16.jpg,0.5882353186607361,0.0,0.34155230769230777,0.06986893284660434,222381.96031709353,5810.010219814563,0.5882353186607361,-1.0,-1.0,-1.0,0.5882353186607361,0.550000011920929,1.0,1.0,-1.0,-1.0,1.0
19,dataset/origimg/org/image_open8.jpg,0.48863455653190613,0.0,0.419154,0.12112875500075135,473385.3114885147,9852.201011958394,0.48863455653190613,-1.0,-1.0,0.781806468963623,0.34966573119163513,0.11666666716337204,0.800000011920929,0.8833333253860474,-1.0,0.824999988079071,1.0
20,dataset/origimg/org/image_open43.jpg,0.45428282022476196,0.0,0.3707476923076923,0.10524822216385815,652140.3601387169,9230.025738120243,0.45428282022476196,-1.0,-1.0,0.5049505233764648,0.5118016004562378,0.1666666716337204,0.6666666865348816,0.6666666865348816,-1.0,0.5,1.0
21,dataset/origimg/org/image_top468.jpg,0.499797523021698,0.0,0.40388111111111114,0.08360840449529788,322164.0944231276,6286.03026318063,0.499797523021698,-1.0,-1.0,0.6340750455856323,0.4168216288089752,0.0714285746216774,0.48571428656578064,0.7428571581840515,-1.0,0.675000011920929,0.8333333134651184
22,dataset/origimg/org/image_open44.jpg,0.04846274107694626,0.0,0.5034292307692309,0.0883832933260361,231900.012085634,6330.463885858365,0.04846274107694626,-1.0,-1.0,0.28861385583877563,-1.0,0.02500000037252903,0.2750000059604645,0.30000001192092896,-1.0,0.30000001192092896,-1.0
23,dataset/origimg/org/image_top31.jpg,-1.0,0.0,0.489108,0.09586848364697961,300351.97525854973,7767.912622610692,-1.0,-1.0,-1.0,-1.0,-1.0,-1.0,-1.0,-1.0,-1.0,-1.0,-1.0
24,dataset/origimg/org/image_top267.jpg,0.32012230157852173,0.0,0.3541507142857143,0.07161246153120253,440662.4712994929,8835.40859464079,0.32012230157852173,-1.0,-1.0,0.731102466583252,-1.0,0.15000000596046448,0.7250000238418579,0.75,-1.0,0.75,-1.0
25,dataset/origimg/org/image_open17.jpg,0.3267490565776825,0.0,0.3205914285714285,0.09242566681817446,870966.593960428,17456.4504953178,0.3267490565776825,-1.0,-1.0,-1.0,0.3445437550544739,0.30000001192092896,0.8500000238418579,0.8500000238418579,-1.0,-1.0,0.8500000238418579
26,dataset/origimg/org/image_top240.jpg,0.4166666567325592,0.0,0.5131279999999999,0.08667944903223418,268823.8071104322,6564.943908225003,0.4166666567325592,-1.0,-1.0,-1.0,0.4166666567325592,0.20000000298023224,1.0,1.0,-1.0,-1.0,1.0
27,dataset/origimg/org/image_top402.jpg,0.5493691563606262,0.0,0.314355,0.0728243015517853,325362.54664156405,7567.401415914439,0.5493691563606262,-1.0,-1.0,0.670927107334137,0.6098560690879822,0.09166666865348816,0.5833333134651184,0.7833333611488342,-1.0,0.675000011920929,1.0
28,dataset/origimg/org/image_top241.jpg,0.15867337584495544,0.0,0.2974733333333333,0.06402137379862215,489242.2853858459,8524.314577111505,0.15867337584495544,-1.0,-1.0,0.3999652564525604,-1.0,0.125,0.42500001192092896,0.42500001192092896,-1.0,0.42500001192092896,-1.0
29,dataset/origimg/org/image_open38.jpg,0.3430480659008026,0.0,0.37590199999999996,0.11423802626886391,405659.0472736583,6005.228247369904,0.3430480659008026,-1.0,-1.0,0.8434573411941528,-1.0,0.07500000298023224,0.824999988079071,0.875,-1.0,0.875,-1.0
30,dataset/origimg/org/image_top55.jpg,0.4264295697212219,0.0,0.26653285714285707,0.061988257743713485,290520.8953686808,6180.14983060712,0.4264295697212219,-1.0,-1.0,0.5722772479057312,0.4090140163898468,0.07500000298023224,0.5166666507720947,0.6583333611488342,-1.0,0.6166666746139526,0.699999988079071
31,dataset/origimg/org/image_top319.jpg,0.2383512407541275,0.0,0.23005894736842103,0.04041990526029404,480015.4616325916,7008.610686471713,0.2383512407541275,-1.0,-1.0,0.368754506111145,0.18212610483169556,0.02500000037252903,0.42500001192092896,0.4749999940395355,-1.0,0.4300000071525574,0.699999988079071
32,dataset/origimg/org/image_top54.jpg,0.535993218421936,0.0,0.19792588235294117,0.043539847742386964,219929.66133195005,4278.681645047096,0.535993218421936,-1.0,-1.0,0.4801980257034302,0.7707794904708862,0.12857143580913544,0.5,0.6928571462631226,-1.0,0.48750001192092896,0.9666666388511658
33,dataset/origimg/org/image_top57.jpg,0.4546733498573303,0.0,0.39249999999999996,0.08867673248422216,436025.5094743205,5216.865697146966,0.4546733498573303,-1.0,-1.0,-1.0,0.4546733498573303,0.4000000059604645,0.949999988079071,0.949999988079071,-1.0,-1.0,0.949999988079071
34,dataset/origimg/org/image_open55.jpg,0.40229061245918274,0.0,0.40366928571428573,0.08114459564367904,329132.20667328633,5266.609782938591,0.40229061245918274,-1.0,-1.0,0.5220522284507751,0.6744645237922668,0.1875,0.625,0.6499999761581421,-1.0,0.5333333611488342,1.0
35,dataset/origimg/org/image_top175.jpg,0.6386277079582214,0.0,0.31787750000000004,0.06521379480533851,502383.51076657686,11251.080779534444,0.6386277079582214,-1.0,-1.0,-1.0,0.6386277079582214,0.550000011920929,1.0,1.0,-1.0,-1.0,1.0
36,dataset/origimg/org/image_top233.jpg,0.754351019859314,0.0,0.14320777777777777,0.031572098084497846,663507.4218528452,12308.034793901814,0.754351019859314,-1.0,-1.0,1.0,0.6052069067955017,0.22499999403953552,0.862500011920929,0.9375,-1.0,1.0,0.9166666865348816
37,dataset/origimg/org/image_open58.jpg,0.40673133730888367,0.0,0.36671333333333334,0.09282526770598584,355553.4591079675,6384.579500296463,0.40673133730888367,-1.0,-1.0,0.5049505233764648,0.5,0.10000000149011612,0.6666666865348816,0.6666666865348816,-1.0,0.5,1.0
38,dataset/origimg/org/image_top442.jpg,0.6812058687210083,0.0,0.2114492857142857,0.06953816784955849,353042.72421482665,7608.766678998705,0.6812058687210083,-1.0,-1.0,0.8415841460227966,0.7221361398696899,0.13750000298023224,0.824999988079071,0.9375,-1.0,0.8500000238418579,0.9666666388511658
39,dataset/origimg/org/image_top58.jpg,0.4076716899871826,0.0,0.3771748275862069,0.044089125032051174,193012.1813774382,3861.4168164059356,0.4076716899871826,-1.0,-1.0,0.46752220392227173,0.4042617082595825,0.009999999776482582,0.18000000715255737,0.5350000262260437,-1.0,0.4699999988079071,0.7300000190734863
40,dataset/origimg/org/image_top120.jpg,0.330341637134552,0.0,0.1846113333333333,0.046943125363545696,209130.8361959681,6088.313031495942,0.330341637134552,-1.0,-1.0,0.6866216659545898,-1.0,0.06666667014360428,0.6000000238418579,0.7166666388511658,-1.0,0.7166666388511658,-1.0
41,dataset/origimg/org/image_top45.jpg,0.44108647108078003,0.0,0.403721052631579,0.05921807253079388,336418.0405935433,6686.034939240786,0.44108647108078003,-1.0,-1.0,0.6701889634132385,0.3624997138977051,0.09000000357627869,0.5799999833106995,0.7200000286102295,-1.0,0.6875,0.8500000238418579
42,dataset/origimg/org/image_top549.jpg,0.14962273836135864,0.0,0.33827875,0.09427351257680135,467774.2487637999,10743.330871058633,0.14962273836135864,-1.0,-1.0,0.0,0.29868245124816895,0.07500000298023224,0.4749999940395355,0.4749999940395355,-1.0,0.0,0.949999988079071
43,dataset/origimg/org/image_top358.jpg,0.5787978172302246,0.0,0.29618285714285714,0.06655523885771157,479951.1310604657,7643.28771916955,0.5787978172302246,-1.0,-1.0,0.6893200874328613,0.6483131647109985,0.17499999701976776,0.75,0.8374999761581421,-1.0,0.7250000238418579,0.949999988079071
44,dataset/origimg/org/image_top579.jpg,0.17922592163085938,0.0,0.46231599999999995,0.08738574266390926,562158.0666641847,12487.11599792209,0.17922592163085938,-1.0,-1.0,0.4064257740974426,-1.0,0.13333334028720856,0.4333333373069763,0.44999998807907104,-1.0,0.44999998807907104,-1.0
45,dataset/origimg/org/image_top325.jpg,0.8063778281211853,0.0,0.28026133333333336,0.06704072690989296,370997.5015300626,7204.580978618921,0.8063778281211853,-1.0,-1.0,1.0,0.8154892325401306,0.3333333432674408,0.9333333373069763,1.0,-1.0,1.0,1.0
46,dataset/origimg/org/image_top552.jpg,0.4488333463668823,0.0,0.4522433333333333,0.07446056409309164,338626.8856106627,6639.568817320614,0.4488333463668823,-1.0,-1.0,0.7775354981422424,-1.0,0.1666666716337204,0.7166666388511658,0.800000011920929,-1.0,0.800000011920929,-1.0
47,dataset/origimg/org/image_top28.jpg,0.4878048896789551,0.0,0.3381827272727272,0.055265626453783856,404685.3844981918,8290.518459149427,0.4878048896789551,-1.0,-1.0,1.0,-1.0,0.30000001192092896,1.0,1.0,-1.0,1.0,-1.0
48,dataset/origimg/org/image_top245.jpg,0.7216142416000366,0.0,0.333433076923077,0.05915280850416274,477738.1479870693,6094.356692336411,0.7216142416000366,-1.0,-1.0,1.0,0.6546767950057983,0.30000001192092896,1.0,1.0,-1.0,1.0,1.0
49,dataset/origimg/org/image_top474.jpg,0.5899689197540283,0.0,0.2903716666666667,0.05984779435868298,300092.73143690143,7231.163793528856,0.5899689197540283,-1.0,-1.0,-1.0,0.5899689197540283,0.21250000596046448,0.7250000238418579,0.75,-1.0,-1.0,0.75
50,dataset/origimg/org/image_top597.jpg,0.2103588581085205,0.0,0.3476981818181818,0.06997347459004423,252237.51125822405,6204.350274546359,0.2103588581085205,-1.0,-1.0,0.33261638879776,-1.0,0.09000000357627869,0.33000001311302185,0.3400000035762787,-1.0,0.3400000035762787,-1.0
51,dataset/origimg/org/image_open50.jpg,0.2050517499446869,0.0,0.6221384615384615,0.05841444289515009,323861.73229817394,4646.670591372774,0.2050517499446869,-1.0,-1.0,0.3002505600452423,0.2270941436290741,0.0055555556900799274,0.2611111104488373,0.3888888955116272,-1.0,0.33125001192092896,0.8500000238418579
52,dataset/origimg/org/image_top119.jpg,0.0,0.0,0.37028444444444447,0.07209760125285677,432875.9445759663,7428.213906769293,0.0,-1.0,-1.0,0.0,-1.0,0.0,0.0,0.0,-1.0,0.0,-1.0
53,dataset/origimg/org/image_top419.jpg,0.4480401277542114,0.0,0.4202031578947368,0.06926973319195168,308206.1574580849,6525.929756152544,0.4480401277542114,-1.0,-1.0,0.519696056842804,0.5421057939529419,0.0833333358168602,0.5166666507720947,0.6916666626930237,-1.0,0.5625,0.949999988079071
54,dataset/origimg/org/image_top44.jpg,0.0,0.0,0.48593666666666663,0.09370796385003355,743174.477614875,14130.886846506599,0.0,-1.0,-1.0,0.0,-1.0,0.0,0.0,0.0,-1.0,0.0,-1.0
55,dataset/origimg/org/image_top96.jpg,0.3983228802680969,0.0,0.26770399999999994,0.09067239354754317,499272.50320918125,9319.914875508224,0.3983228802680969,-1.0,-1.0,0.7782177925109863,-1.0,0.10000000149011612,0.800000011920929,0.824999988079071,-1.0,0.824999988079071,-1.0
56,dataset/origimg/org/image_top557.jpg,0.30238789319992065,0.0,0.34896555555555553,0.06838023372657545,654220.0584245294,12050.78130007131,0.30238789319992065,-1.0,-1.0,0.5049505233764648,-1.0,0.2750000059604645,0.5,0.5,-1.0,0.5,-1.0
57,dataset/origimg/org/image_top420.jpg,0.3785121738910675,0.0,0.4626099999999999,0.07734826734085583,445661.1329223744,9668.7590444054,0.3785121738910675,-1.0,-1.0,0.6688665747642517,-1.0,0.06666667014360428,0.44999998807907104,0.6833333373069763,-1.0,0.6833333373069763,-1.0
58,dataset/origimg/org/image_top531.jpg,0.2234557867050171,0.0,0.3475683333333333,0.05325302377815674,435850.6534579958,5405.4342206493075,0.2234557867050171,-1.0,-1.0,-1.0,0.22820258140563965,0.10000000149011612,0.5,0.6000000238418579,-1.0,-1.0,0.6000000238418579
59,dataset/origimg/org/image_top284.jpg,0.6300340890884399,0.0,0.178375,0.054636783994472804,508390.10182682425,7237.0182861638705,0.6300340890884399,-1.0,-1.0,-1.0,0.6300340890884399,0.550000011920929,1.0,1.0,-1.0,-1.0,1.0
60,dataset/origimg/org/image_top543.jpg,0.21673671901226044,0.0,0.53430375,0.08860345083603532,611832.0795381961,14099.788807354771,0.21673671901226044,-1.0,-1.0,0.005940594244748354,0.41774052381515503,0.20000000298023224,0.5249999761581421,0.5249999761581421,-1.0,0.05000000074505806,1.0
61,dataset/origimg/org/image_top47.jpg,0.2370663732290268,0.0,0.29963375000000003,0.056494323777761396,215288.8471910476,5111.415180502419,0.2370663732290268,-1.0,-1.0,0.35241198539733887,0.1869349479675293,0.03999999910593033,0.2849999964237213,0.3799999952316284,-1.0,0.36666667461395264,0.4000000059604645
62,dataset/origimg/org/image_top56.jpg,0.280033141374588,0.0,0.396475,0.084796544778095,190348.98139387034,5053.927077309335,0.280033141374588,-1.0,-1.0,0.5327407717704773,0.19628559052944183,0.07000000029802322,0.4399999976158142,0.5099999904632568,-1.0,0.5666666626930237,0.42500001192092896
63,dataset/origimg/org/image_open54.jpg,0.26593661308288574,0.0,0.527790625,0.04647332586111599,503117.30303997634,6281.892846126037,0.26593661308288574,-1.0,-1.0,0.3765999674797058,0.44702503085136414,0.05833333358168602,0.375,0.5666666626930237,-1.0,0.47999998927116394,1.0
64,dataset/origimg/org/image_top453.jpg,0.30585479736328125,0.0,0.35786999999999997,0.0844850221338703,462828.51126568054,7885.374704296553,0.30585479736328125,-1.0,-1.0,0.3522971272468567,0.5181518197059631,0.125,0.5,0.5375000238418579,-1.0,0.38333332538604736,1.0
65,dataset/origimg/org/image_top427.jpg,0.29737722873687744,0.0,0.33686687499999995,0.0674901754097644,399626.6263487431,6727.607146814257,0.29737722873687744,-1.0,-1.0,0.4586332440376282,0.3879587948322296,0.05000000074505806,0.574999988079071,0.612500011920929,-1.0,0.4833333194255829,1.0
66,dataset/origimg/org/image_top114.jpg,0.0,0.0,0.358118,0.10221185057357338,593846.8127198576,12181.437012896336,0.0,-1.0,0.0,-1.0,-1.0,0.0,0.0,0.0,0.0,-1.0,-1.0
67,dataset/origimg/org/image_open48.jpg,0.21174058318138123,0.0,0.27893222222222225,0.056658183634775976,522837.8292124883,11461.436106300953,0.21174058318138123,-1.0,-1.0,0.30037128925323486,0.40901678800582886,0.05000000074505806,0.3583333194255829,0.4166666567325592,-1.0,0.30000001192092896,1.0
68,dataset/origimg/org/image_top102.jpg,0.5926366448402405,0.0,0.3120754545454546,0.052687436643244996,657791.4942071568,9106.953588946075,0.5926366448402405,-1.0,-1.0,1.0,0.4719720184803009,0.30000001192092896,0.6666666865348816,0.6666666865348816,-1.0,1.0,0.5
69,dataset/origimg/org/image_top587.jpg,0.22154708206653595,0.0,0.35150000000000003,0.07742167262660858,282143.7326520351,6718.229825096372,0.22154708206653595,-1.0,-1.0,0.15841583907604218,0.40132012963294983,0.17499999701976776,0.550000011920929,0.550000011920929,-1.0,0.15000000596046448,0.949999988079071
70,dataset/origimg/org/image_top447.jpg,0.6187723278999329,0.0,0.2821657894736842,0.030019391376958075,225795.98373577872,5676.066364137404,0.6187723278999329,-1.0,-1.0,0.6106875538825989,0.5926879644393921,0.12857143580913544,0.5214285850524902,0.7928571701049805,-1.0,0.6333333253860474,0.9125000238418579
71,dataset/origimg/org/image_top411.jpg,0.5200374126434326,0.0,0.2063511111111111,0.04866049840845058,202760.94130270527,6222.127525142217,0.5200374126434326,-1.0,-1.0,0.059405941516160965,0.8495444059371948,0.20000000298023224,0.6100000143051147,0.6200000047683716,-1.0,0.05000000074505806,1.0
72,dataset/origimg/org/image_top51.jpg,0.3257526159286499,0.0,0.354256875,0.04341968347954288,238522.4028444965,5360.241998980079,0.3257526159286499,-1.0,-1.0,0.4228378236293793,0.2826171815395355,0.04500000178813934,0.3199999928474426,0.49000000953674316,-1.0,0.4833333194255829,0.5
73,dataset/origimg/org/image_top568.jpg,0.2756580412387848,0.0,0.39444833333333335,0.07946594474569257,627803.2104735499,8206.925913700486,0.2756580412387848,-1.0,-1.0,0.029702970758080482,0.7920792102813721,0.23333333432674408,0.3333333432674408,0.3499999940395355,-1.0,0.02500000037252903,1.0
74,dataset/origimg/org/image_top30.jpg,0.7957879900932312,0.0,0.264919,0.0740610093973054,319990.5679382594,7808.311204678548,0.7957879900932312,-1.0,-1.0,1.0,1.0,0.5,0.9750000238418579,1.0,-1.0,1.0,1.0
75,dataset/origimg/org/image_top46.jpg,0.33130961656570435,0.0,0.3664233333333333,0.065145517090413,430116.171178954,8974.895708033844,0.33130961656570435,-1.0,-1.0,0.5841584205627441,0.21718530356884003,0.11666666716337204,0.4333333373069763,0.46666666865348816,-1.0,0.5833333134651184,0.3499999940395355
76,dataset/origimg/org/image_top184.jpg,0.6060606241226196,0.0,0.23506833333333332,0.0606970417078573,714734.3976060277,9298.181585467779,0.6060606241226196,-1.0,-1.0,-1.0,0.6060606241226196,0.5,1.0,1.0,-1.0,-1.0,1.0
77,dataset/origimg/org/image_top88.jpg,0.2226485162973404,0.0,0.3047627272727273,0.09445725439138761,442740.38787494117,8405.021664306503,0.2226485162973404,-1.0,-1.0,0.4931473433971405,-1.0,0.06666667014360428,0.5,0.5166666507720947,-1.0,0.5166666507720947,-1.0
78,dataset/origimg/org/image_top255.jpg,0.6106618046760559,0.0,0.2422784615384615,0.03209687158944845,308204.9223518495,6752.86725742648,0.6106618046760559,-1.0,-1.0,0.6237623691558838,1.0,0.3333333432674408,0.7333333492279053,0.75,-1.0,0.625,1.0
79,dataset/origimg/org/image_top50.jpg,0.07723699510097504,0.0,0.2826071428571429,0.08108080035843165,716752.611157534,11546.719879369728,0.07723699510097504,-1.0,-1.0,0.24566832184791565,-1.0,0.10000000149011612,0.25,0.25,-1.0,0.25,-1.0
80,dataset/origimg/org/image_top432.jpg,0.3475355803966522,0.0,0.4773111111111111,0.06333735981940995,157949.66920839803,4134.4391480166605,0.3475355803966522,-1.0,-1.0,0.3512864410877228,0.5916261076927185,0.08571428805589676,0.37142857909202576,0.5928571224212646,-1.0,0.4300000071525574,1.0
81,dataset/origimg/org/image_top382.jpg,0.7618005871772766,0.0,0.32160187500000004,0.06822594542439353,378989.1140803529,7121.821291328896,0.7618005871772766,-1.0,-1.0,1.0,0.6795727610588074,0.20000000298023224,0.9666666388511658,1.0,-1.0,1.0,1.0
82,dataset/origimg/org/image_top23.jpg,0.4562537968158722,0.0,0.39683076923076926,0.0578995521176568,519315.5745744118,8962.794240970645,0.4562537968158722,-1.0,-1.0,-1.0,0.4562537968158722,0.30000001192092896,1.0,1.0,-1.0,-1.0,1.0
83,dataset/origimg/org/image_top365.jpg,0.8117753863334656,0.0,0.21847636363636366,0.0639883623449241,369497.7521971255,7992.456945845422,0.8117753863334656,-1.0,-1.0,0.9504950642585754,0.8189385533332825,0.25,0.8500000238418579,0.987500011920929,-1.0,0.949999988079071,1.0
84,dataset/origimg/org/image_top326.jpg,0.2923088073730469,0.0,0.41154555555555555,0.1045027520143937,721626.126694055,13417.84805944161,0.2923088073730469,-1.0,-1.0,0.4356435537338257,0.43844667077064514,0.1666666716337204,0.5666666626930237,0.6166666746139526,-1.0,0.44999998807907104,0.949999988079071
85,dataset/origimg/org/image_top448.jpg,0.5042767524719238,0.0,0.3426336842105263,0.07473597512820171,340865.41821176856,5214.622158579634,0.5042767524719238,-1.0,-1.0,0.7047978043556213,0.4754922091960907,0.03999999910593033,0.6000000238418579,0.7799999713897705,-1.0,0.7250000238418579,1.0
86,dataset/origimg/org/image_open46.jpg,0.21039603650569916,0.0,0.30256714285714287,0.08962290482556935,664594.6255438409,11124.817008485723,0.21039603650569916,-1.0,-1.0,0.5049505233764648,-1.0,0.17499999701976776,0.5,0.5,-1.0,0.5,-1.0
87,dataset/origimg/org/image_top458.jpg,0.4430481195449829,0.0,0.22493090909090904,0.04391039000059596,483974.82928054896,9195.918347997847,0.4430481195449829,-1.0,-1.0,0.5216021537780762,0.4625000059604645,0.11249999701976776,0.6625000238418579,0.6875,-1.0,0.5249999761581421,0.8500000238418579
88,dataset/origimg/org/image_top482.jpg,0.5210235714912415,0.0,0.32831125,0.07639980615287742,471426.23758968746,7626.284823400516,0.5210235714912415,-1.0,-1.0,0.6681662201881409,0.43478259444236755,0.20000000298023224,0.5799999833106995,0.75,-1.0,0.6875,1.0
89,dataset/origimg/org/image_top200.jpg,0.5360175371170044,0.0,0.23575166666666666,0.051018423081397514,537949.9415314556,8414.465221147531,0.5360175371170044,-1.0,-1.0,0.7648521065711975,0.4068480134010315,0.05000000074505806,0.6299999952316284,0.8600000143051147,-1.0,0.8166666626930237,0.925000011920929
90,dataset/origimg/org/image_top484.jpg,0.7728691101074219,0.0,0.18730833333333333,0.04399572817086937,199551.39739388216,4548.572997236777,0.7728691101074219,-1.0,-1.0,0.9504950642585754,0.7429224848747253,0.07000000029802322,0.75,0.9900000095367432,-1.0,0.949999988079071,1.0
91,dataset/origimg/org/image_top14.jpg,0.5981630682945251,0.0,0.20773714285714284,0.04080403411252547,481395.76155845175,10031.455895429244,0.5981630682945251,-1.0,-1.0,1.0,0.3220789432525635,0.3166666626930237,0.7666666507720947,0.8666666746139526,-1.0,1.0,0.800000011920929
92,dataset/origimg/org/image_open53.jpg,0.15329906344413757,0.0,0.43982499999999997,0.06366101092952016,520587.53613912704,7792.807805541015,0.15329906344413757,-1.0,-1.0,0.14294500648975372,0.35087719559669495,0.05000000074505806,0.3083333373069763,0.3499999940395355,-1.0,0.2199999988079071,1.0
93,dataset/origimg/org/image_top187.jpg,0.17877769470214844,0.0,0.29717,0.06880678967199777,467639.4246633861,9410.589556216086,0.17877769470214844,-1.0,-1.0,0.397602915763855,-1.0,0.15000000596046448,0.42500001192092896,0.42500001192092896,-1.0,0.42500001192092896,-1.0
94,dataset/origimg/org/image_top309.jpg,0.6357839703559875,0.0,0.3122764285714285,0.0774129351179145,358018.9010792687,6724.798710266307,0.6357839703559875,-1.0,-1.0,-1.0,0.6357839703559875,0.17499999701976776,0.9750000238418579,1.0,-1.0,-1.0,1.0
95,dataset/origimg/org/image_top467.jpg,0.4914907217025757,0.0,0.4255813333333333,0.10629288163593303,501470.37693995883,8475.1010527858,0.4914907217025757,-1.0,-1.0,0.8396104574203491,0.5714285969734192,0.1666666716337204,0.7666666507720947,0.8999999761581421,-1.0,0.8500000238418579,1.0
96,dataset/origimg/org/image_top48.jpg,0.38750529289245605,0.0,0.2906852173913043,0.046447251275145575,338236.9356818739,6142.659695758669,0.38750529289245605,-1.0,-1.0,0.3771614134311676,0.5741204023361206,0.02857142873108387,0.3857142925262451,0.6642857193946838,-1.0,0.4124999940395355,1.0
97,dataset/origimg/org/image_top110.jpg,0.625,0.0,0.45940200000000003,0.0971772168205087,334337.75434101577,6850.69576350268,0.625,-1.0,-1.0,-1.0,0.625,0.5,1.0,1.0,-1.0,-1.0,1.0
98,dataset/origimg/org/image_top198.jpg,0.6687725186347961,0.0,0.23904363636363637,0.04742627830175643,553816.7451460724,8880.491907322154,0.6687725186347961,-1.0,-1.0,-1.0,0.6687725186347961,0.25,0.9750000238418579,0.9750000238418579,-1.0,-1.0,0.9750000238418579
99,dataset/origimg/org/image_top190.jpg,0.38461539149284363,0.0,0.38856199999999996,0.09650102797089641,676363.3831518944,12158.699984375806,0.38461539149284363,-1.0,-1.0,-1.0,0.38461539149284363,0.25,1.0,1.0,-1.0,-1.0,1.0
100,dataset/origimg/org/image_top213.jpg,0.8262958526611328,0.0,0.27817909090909093,0.05437327130627229,624610.2020887741,9911.179185580237,0.8262958526611328,-1.0,-1.0,1.0,1.0,0.5,1.0,1.0,-1.0,1.0,1.0
101,dataset/origimg/org/image_top317.jpg,0.9718447923660278,0.0,0.157659375,0.04188977362829486,149742.88412278856,4070.334769145296,0.9718447923660278,-1.0,-1.0,1.0,0.9976703524589539,0.25,0.987500011920929,1.0,-1.0,1.0,1.0
102,dataset/origimg/org/image_top339.jpg,0.9048817157745361,0.0,0.27556222222222226,0.05408370377656884,464032.8013097404,9438.329317213294,0.9048817157745361,-1.0,-1.0,-1.0,0.9048817157745361,0.5,1.0,1.0,-1.0,-1.0,1.0
103,dataset/origimg/org/image_top35.jpg,0.585019588470459,0.0,0.25678375,0.06615478619725093,814808.8773515469,15009.58836712513,0.585019588470459,-1.0,-1.0,1.0,-1.0,0.6499999761581421,1.0,1.0,-1.0,1.0,-1.0
104,dataset/origimg/org/image_open52.jpg,0.18797947466373444,0.0,0.4169378571428571,0.06264706326218332,456304.75347574515,8228.6208471764,0.18797947466373444,-1.0,0.15841583907604218,0.2245352417230606,0.537548840045929,0.10999999940395355,0.3199999928474426,0.3799999952316284,0.15000000596046448,0.2666666805744171,0.949999988079071
105,dataset/origimg/org/image_top306.jpg,0.44993504881858826,0.0,0.25556999999999996,0.05889631859135114,704251.803006625,10285.431509480866,0.44993504881858826,-1.0,-1.0,0.8008154034614563,0.25131651759147644,0.1666666716337204,0.75,0.8833333253860474,-1.0,0.824999988079071,1.0
106,dataset/origimg/org/image_top495.jpg,0.4178207516670227,0.0,0.2942060000000001,0.07990478083667496,382180.8371726028,7708.316905122352,0.4178207516670227,-1.0,-1.0,0.8200699687004089,0.10519801825284958,0.11666666716337204,0.7166666388511658,0.75,-1.0,0.875,0.5
107,dataset/origimg/org/image_top210.jpg,0.729257345199585,0.0,0.40908916666666667,0.09125138979041765,685080.9446752683,12510.431447214141,0.729257345199585,-1.0,-1.0,-1.0,0.729257345199585,0.42500001192092896,0.9750000238418579,1.0,-1.0,-1.0,1.0
108,dataset/origimg/org/image_open49.jpg,0.2994871437549591,0.0,0.2692746666666667,0.045759809224394696,340237.2265275897,7085.222338029836,0.2994871437549591,-1.0,-1.0,0.40746015310287476,0.4914036989212036,0.07000000029802322,0.44999998807907104,0.5400000214576721,-1.0,0.42500001192092896,1.0
109,dataset/origimg/org/image_top43.jpg,0.48636749386787415,0.0,0.4769453333333333,0.04833883460042596,480816.5791429116,7774.453832679545,0.48636749386787415,-1.0,-1.0,0.8190702795982361,-1.0,0.125,0.625,0.8500000238418579,-1.0,0.8500000238418579,-1.0
110,dataset/origimg/org/image_top263.jpg,0.5221379399299622,0.0,0.2761530769230769,0.06601299934373965,339165.50665718043,6826.6126555283945,0.5221379399299622,-1.0,-1.0,0.7751892805099487,0.4364878237247467,0.10000000149011612,0.8999999761581421,0.8999999761581421,-1.0,0.800000011920929,1.0
111,dataset/origimg/org/image_top409.jpg,0.2372782826423645,0.0,0.5075963636363636,0.08542335802402469,304611.2907134708,6322.655314923163,0.2372782826423645,-1.0,-1.0,0.19524753093719482,0.6060606241226196,0.11249999701976776,0.4000000059604645,0.4625000059604645,-1.0,0.28333333134651184,1.0
112,dataset/origimg/org/image_top413.jpg,0.6524270176887512,0.0,0.25828411764705883,0.06309595153645857,296289.5844930592,5782.757544180167,0.6524270176887512,-1.0,-1.0,-1.0,0.6524270176887512,0.14000000059604645,0.699999988079071,0.9300000071525574,-1.0,-1.0,0.9300000071525574
113,dataset/origimg/org/image_top600.jpg,0.15263915061950684,0.0,0.438125,0.10569659111334495,589410.908642528,13171.336952153908,0.15263915061950684,-1.0,-1.0,0.38092756271362305,-1.0,0.07500000298023224,0.42500001192092896,0.42500001192092896,-1.0,0.42500001192092896,-1.0
114,dataset/origimg/org/image_top40.jpg,-1.0,0.0,0.47801714285714286,0.11601698024921488,563227.1683821834,12273.18985113704,-1.0,-1.0,-1.0,-1.0,-1.0,-1.0,-1.0,-1.0,-1.0,-1.0,-1.0
115,dataset/origimg/org/image_open25.jpg,0.1789378970861435,0.0,0.40422111111111114,0.056265745935381486,548883.630382581,9657.58749290603,0.1789378970861435,-1.0,-1.0,0.6798679828643799,-1.0,0.10000000149011612,0.6499999761581421,0.699999988079071,-1.0,0.699999988079071,-1.0
116,dataset/origimg/org/image_top145.jpg,0.1550736278295517,0.0,0.31886545454545456,0.08041373323720691,475162.0160338375,7103.105337118738,0.1550736278295517,-1.0,-1.0,0.019801979884505272,0.30858322978019714,0.10000000149011612,0.4000000059604645,0.42500001192092896,-1.0,0.05000000074505806,0.800000011920929
117,dataset/origimg/org/image_top179.jpg,0.8407115340232849,0.0,0.30247999999999997,0.056913377916379265,330510.028048336,7289.313792201505,0.8407115340232849,-1.0,-1.0,1.0,0.749879002571106,0.375,1.0,1.0,-1.0,1.0,1.0
118,dataset/origimg/org/image_top295.jpg,0.258549302816391,0.0,0.23885,0.042267404332290585,320206.1566827423,4956.6807889504025,0.258549302816391,-1.0,-1.0,0.5255999565124512,-1.0,0.07500000298023224,0.4625000059604645,0.550000011920929,-1.0,0.550000011920929,-1.0
119,dataset/origimg/org/image_top318.jpg,0.32064804434776306,0.0,0.42062499999999997,0.09009419027390882,387835.551242982,7687.448358108503,0.32064804434776306,-1.0,-1.0,0.6336633563041687,-1.0,0.0833333358168602,0.5833333134651184,0.6333333253860474,-1.0,0.6333333253860474,-1.0
120,dataset/origimg/org/image_top33.jpg,-1.0,0.0,0.43087000000000003,0.10289354446564669,845814.6042802383,17350.28806387563,-1.0,-1.0,-1.0,-1.0,-1.0,-1.0,-1.0,-1.0,-1.0,-1.0,-1.0
121,dataset/origimg/org/image_open32.jpg,-1.0,0.0,0.39910600000000007,0.1270637347228207,609097.006107284,10363.175450367504,-1.0,-1.0,-1.0,-1.0,-1.0,-1.0,-1.0,-1.0,-1.0,-1.0,-1.0
122,dataset/origimg/org/image_top34.jpg,0.5392966866493225,0.0,0.39657875,0.11991060691392824,519387.3013673653,9071.209455356304,0.5392966866493225,-1.0,-1.0,1.0,-1.0,0.44999998807907104,1.0,1.0,-1.0,1.0,-1.0
123,dataset/origimg/org/image_top514.jpg,0.12593525648117065,0.0,0.30167,0.0555404663259195,486332.8321012252,11761.551181684172,0.12593525648117065,-1.0,-1.0,0.2656294107437134,-1.0,0.05999999865889549,0.2800000011920929,0.30000001192092896,-1.0,0.30000001192092896,-1.0
124,dataset/origimg/org/image_top506.jpg,0.3947898745536804,0.0,0.395090909090909,0.05965266896343761,214645.81260486718,3602.787146108126,0.3947898745536804,-1.0,-1.0,0.5049505233764648,0.45235148072242737,0.20000000298023224,0.48750001192092896,0.5,-1.0,0.5,0.5
125,dataset/origimg/org/image_open51.jpg,0.10629075765609741,0.0,0.43825222222222227,0.10188172861645259,426660.45035462483,9790.57033874784,0.10629075765609741,-1.0,-1.0,0.10891088843345642,0.49753859639167786,0.03333333507180214,0.20000000298023224,0.20000000298023224,-1.0,0.10000000149011612,1.0
126,dataset/origimg/org/image_top348.jpg,0.9384356737136841,0.0,0.07829666666666667,0.01809519960279349,171131.8712397708,4665.3499733378185,0.9384356737136841,-1.0,-1.0,1.0,0.9116953611373901,0.22499999403953552,1.0,1.0,-1.0,1.0,1.0
127,dataset/origimg/org/image_top52.jpg,0.7428444623947144,0.0,0.306095625,0.08111390893359605,233462.97007284855,5946.242862926752,0.7428444623947144,-1.0,-1.0,0.9306930899620056,-1.0,0.16249999403953552,0.862500011920929,0.9375,-1.0,0.9375,-1.0
128,dataset/origimg/org/image_top313.jpg,0.6389182209968567,0.0,0.3788592307692307,0.07252412936374003,238221.6009650432,4997.233403304696,0.6389182209968567,-1.0,-1.0,-1.0,0.6389182209968567,0.2750000059604645,1.0,1.0,-1.0,-1.0,1.0
129,dataset/origimg/org/image_top7.jpg,-1.0,0.0,0.39344714285714283,0.11539906292749523,1059858.2559031795,19343.329904179664,-1.0,-1.0,-1.0,-1.0,-1.0,-1.0,-1.0,-1.0,-1.0,-1.0,-1.0
130,dataset/origimg/org/image_top90.jpg,0.015121512115001678,0.0,0.5257681818181819,0.10789063193993606,782486.8246282465,10871.34020309974,0.015121512115001678,-1.0,-1.0,-1.0,0.015121512115001678,0.0,0.20000000298023224,0.20000000298023224,-1.0,-1.0,0.20000000298023224
131,dataset/origimg/org/image_top189.jpg,0.6556655764579773,0.0,0.2651615384615385,0.06477906276826748,373551.8377972096,6139.545938348624,0.6556655764579773,-1.0,-1.0,0.8657865524291992,0.32258063554763794,0.3333333432674408,0.7333333492279053,0.9166666865348816,-1.0,0.875,1.0
132,dataset/origimg/org/image_top62.jpg,0.9680967926979065,0.0,0.32445636363636365,0.05700199604729237,541366.9561852465,9459.996511498317,0.9680967926979065,-1.0,-1.0,1.0,-1.0,0.949999988079071,1.0,1.0,-1.0,1.0,-1.0
133,dataset/origimg/org/image_top165.jpg,0.0,0.0,0.4842977777777778,0.0869181023471711,263422.9435332474,5795.110581796859,0.0,-1.0,-1.0,0.0,-1.0,0.0,0.0,0.0,-1.0,0.0,-1.0
134,dataset/origimg/org/image_open47.jpg,0.2436663955450058,0.0,0.31466588235294113,0.04970010377474123,223959.032709067,4588.579279180322,0.2436663955450058,-1.0,-1.0,0.33362850546836853,0.365056574344635,0.0416666679084301,0.34166666865348816,0.5166666507720947,-1.0,0.41999998688697815,1.0
135,dataset/origimg/org/image_top303.jpg,0.4429784119129181,0.0,0.31996428571428565,0.06459364700881859,402165.24981592846,6167.414623022566,0.4429784119129181,-1.0,-1.0,0.7606289982795715,0.4031350314617157,0.1666666716337204,0.7333333492279053,0.8333333134651184,-1.0,0.800000011920929,0.8500000238418579
136,dataset/origimg/org/image_top297.jpg,0.9349352717399597,0.0,0.34963181818181815,0.061685113890583135,299459.5366160751,7515.78058124973,0.9349352717399597,-1.0,-1.0,-1.0,0.9349352717399597,0.5,1.0,1.0,-1.0,-1.0,1.0
137,dataset/origimg/org/image_top586.jpg,0.3428402543067932,0.0,0.36617222222222223,0.07754592707361205,609896.0592192033,8550.319982743833,0.3428402543067932,-1.0,-1.0,0.014851485379040241,1.0,0.3333333432674408,0.3333333432674408,0.3499999940395355,-1.0,0.02500000037252903,1.0
138,dataset/origimg/org/image_top371.jpg,0.47151678800582886,0.0,0.5225694117647057,0.09069595891911045,467093.65965330444,8138.612523684167,0.47151678800582886,-1.0,-1.0,0.7755475640296936,0.47438767552375793,0.15000000596046448,0.6833333373069763,0.9333333373069763,-1.0,0.8999999761581421,0.949999988079071
139,dataset/origimg/org/image_open7.jpg,0.28936246037483215,0.0,0.3659227272727273,0.09068729070844536,618541.9873643062,9849.411605158422,0.28936246037483215,-1.0,-1.0,0.8415841460227966,-1.0,0.25,0.8500000238418579,0.8500000238418579,-1.0,0.8500000238418579,-1.0
140,dataset/origimg/org/image_top499.jpg,0.7691119909286499,0.0,0.23446499999999998,0.06812566050304324,563721.6456568866,9237.965323536902,0.7691119909286499,-1.0,-1.0,-1.0,0.7691119909286499,0.5,0.949999988079071,0.9750000238418579,-1.0,-1.0,0.9750000238418579
141,dataset/origimg/org/image_top113.jpg,0.4236414134502411,0.0,0.31891250000000004,0.07276262591508763,499473.65654295497,8499.24566371592,0.4236414134502411,-1.0,-1.0,0.5796204805374146,0.5014470815658569,0.15000000596046448,0.800000011920929,0.824999988079071,-1.0,0.6499999761581421,1.0
142,dataset/origimg/org/image_top42.jpg,0.4613359272480011,0.0,0.38893375,0.05203306951970485,252495.1434184404,3373.0200355231277,0.4613359272480011,-1.0,-1.0,0.6822253465652466,0.2931268513202667,0.12999999523162842,0.550000011920929,0.75,-1.0,0.6833333373069763,0.8500000238418579
143,dataset/origimg/org/image_top53.jpg,0.3470304608345032,0.0,0.20186799999999996,0.055785255903160004,432820.04508820304,7602.374859663385,0.3470304608345032,-1.0,-1.0,0.41584157943725586,0.39188238978385925,0.0833333358168602,0.46666666865348816,0.5083333253860474,-1.0,0.4099999964237213,1.0
144,dataset/origimg/org/image_top156.jpg,0.5912067890167236,0.0,0.34809999999999997,0.10806748691581772,639568.5786532105,11303.834146127227,0.5912067890167236,-1.0,-1.0,0.8404277563095093,0.5960947275161743,0.23333333432674408,0.8333333134651184,0.9166666865348816,-1.0,0.875,1.0
145,dataset/origimg/org/image_top27.jpg,0.3766883611679077,0.0,0.44140363636363633,0.1156368361896265,353249.71327560203,7287.408183368595,0.3766883611679077,-1.0,-1.0,-1.0,0.3766883611679077,0.20000000298023224,1.0,1.0,-1.0,-1.0,1.0
146,dataset/origimg/org/image_open40.jpg,0.4890901446342468,0.0,0.36348454545454545,0.057266234876763564,392649.3666810118,5119.339645256039,0.4890901446342468,-1.0,-1.0,0.8393669724464417,-1.0,0.20000000298023224,0.875,0.875,-1.0,0.875,-1.0
147,dataset/origimg/org/image_top353.jpg,0.7700656056404114,0.0,0.28735230769230774,0.03247234752752905,362569.38185855903,6903.757566930724,0.7700656056404114,-1.0,-1.0,1.0,0.6482593417167664,0.3166666626930237,0.9333333373069763,0.9666666388511658,-1.0,1.0,0.949999988079071
148,dataset/origimg/org/image_top457.jpg,0.6745710372924805,0.0,0.327950625,0.05524303518912636,443255.85940287897,7781.405505771327,0.6745710372924805,-1.0,-1.0,-1.0,0.6745710372924805,0.17499999701976776,0.800000011920929,0.9750000238418579,-1.0,-1.0,0.9750000238418579
149,dataset/origimg/org/image_top197.jpg,0.7008975148200989,0.0,0.2227169230769231,0.05252264597854507,217615.6579780074,6554.069304037334,0.7008975148200989,-1.0,-1.0,0.831152081489563,0.9241606593132019,0.30000001192092896,0.8333333134651184,0.8999999761581421,-1.0,0.8500000238418579,1.0
150,dataset/origimg/org/image_top24.jpg,-1.0,0.0,0.397709,0.12170868558023273,657961.3563142021,11737.632019493696,-1.0,-1.0,-1.0,-1.0,-1.0,-1.0,-1.0,-1.0,-1.0,-1.0,-1.0
151,dataset/origimg/org/image_top305.jpg,0.8586107492446899,0.0,0.17356076923076927,0.04743215424079339,505141.5972336667,8860.406316683688,0.8586107492446899,-1.0,-1.0,-1.0,0.8586107492446899,0.3333333432674408,0.9833333492279053,1.0,-1.0,-1.0,1.0
152,dataset/origimg/org/image_top133.jpg,0.6494975686073303,0.0,0.20683214285714285,0.06154059778628379,435583.1425898266,8248.2779686093,0.6494975686073303,-1.0,-1.0,1.0,0.4981321394443512,0.22499999403953552,1.0,1.0,-1.0,1.0,1.0
153,overall,0.3579011559486389,0.0,0.34093166641505057,0.07256547530685786,442345.196374265,8223.458143970927,0.6494975686073303,-1.0,-1.0,1.0,0.4981321394443512,0.22499999403953552,1.0,1.0,-1.0,1.0,1.0
